{
  "accuracy": 0.819672131147541,
  "classification_report": {
    "\u0411\u0430\u0439\u0434\u0443\u0436\u0456\u0441\u0442\u044c": {
      "precision": 0.7777777777777778,
      "recall": 0.7,
      "f1-score": 0.7368421052631579,
      "support": 10.0
    },
    "\u0412\u0435\u0441\u0435\u043b\u0456\u0441\u0442\u044c": {
      "precision": 0.7857142857142857,
      "recall": 0.9565217391304348,
      "f1-score": 0.8627450980392157,
      "support": 23.0
    },
    "\u0413\u043d\u0456\u0432": {
      "precision": 1.0,
      "recall": 0.5,
      "f1-score": 0.6666666666666666,
      "support": 6.0
    },
    "\u041f\u043e\u0434\u0438\u0432": {
      "precision": 0.875,
      "recall": 0.7777777777777778,
      "f1-score": 0.8235294117647058,
      "support": 9.0
    },
    "\u0421\u0443\u043c": {
      "precision": 0.8461538461538461,
      "recall": 0.8461538461538461,
      "f1-score": 0.8461538461538461,
      "support": 13.0
    },
    "accuracy": 0.819672131147541,
    "macro avg": {
      "precision": 0.8569291819291818,
      "recall": 0.7560906726124117,
      "f1-score": 0.7871874255775185,
      "support": 61.0
    },
    "weighted avg": {
      "precision": 0.8315443663804319,
      "recall": 0.819672131147541,
      "f1-score": 0.8134970985805884,
      "support": 61.0
    }
  }
}