{
  "accuracy": 0.9107142857142857,
  "classification_report": {
    "\u0411\u0430\u0439\u0434\u0443\u0436\u0456\u0441\u0442\u044c": {
      "precision": 0.8461538461538461,
      "recall": 0.9565217391304348,
      "f1-score": 0.8979591836734694,
      "support": 23.0
    },
    "\u0412\u0435\u0441\u0435\u043b\u0456\u0441\u0442\u044c": {
      "precision": 0.9545454545454546,
      "recall": 0.9545454545454546,
      "f1-score": 0.9545454545454546,
      "support": 22.0
    },
    "\u0413\u043d\u0456\u0432": {
      "precision": 0.95,
      "recall": 0.8636363636363636,
      "f1-score": 0.9047619047619048,
      "support": 22.0
    },
    "\u041f\u043e\u0434\u0438\u0432": {
      "precision": 0.9166666666666666,
      "recall": 0.9565217391304348,
      "f1-score": 0.9361702127659575,
      "support": 23.0
    },
    "\u0421\u0443\u043c": {
      "precision": 0.9,
      "recall": 0.8181818181818182,
      "f1-score": 0.8571428571428571,
      "support": 22.0
    },
    "accuracy": 0.9107142857142857,
    "macro avg": {
      "precision": 0.9134731934731934,
      "recall": 0.9098814229249012,
      "f1-score": 0.9101159225779286,
      "support": 112.0
    },
    "weighted avg": {
      "precision": 0.912900641025641,
      "recall": 0.9107142857142857,
      "f1-score": 0.9102400078572462,
      "support": 112.0
    }
  }
}